Model Name,Source | Target,Embedding Layer,Attention Layer 1,Attention Layer 2,Attention Layer 3,Attention Layer 4,Attention Layer 5,Attention Layer 6,Attention Layer 7,Attention Layer 8,Attention Layer 9,Attention Layer 10,Attention Layer 11,Attention Layer 12
german-gpt2,ORIG | FT,0.99998802,0.99994326,0.99997115,0.99996167,0.9999575,0.99994183,0.99991727,0.99992776,0.9998858,0.99981427,0.9995712,0.99873126,0.83186698
german-gpt2,ORIG | ADP_BN_LN_r0_8,1.0,0.99998635,0.99999285,0.99998671,0.99997801,0.99996758,0.9999516,0.99993873,0.9998647,0.99974656,0.99953312,0.99903601,0.54381484
german-gpt2,ORIG | ADP_BN_LN_r4,1.0,0.99997807,0.99999106,0.99998462,0.99997634,0.9999634,0.99994612,0.99993181,0.99986279,0.99974263,0.99952108,0.9990499,0.55542672
german-gpt2,ORIG | ADP_BN_LN_r8,1.0,0.99997282,0.99998957,0.99998403,0.99997652,0.99996424,0.99994719,0.99993193,0.99986029,0.99974239,0.99953502,0.99906164,0.56862551
german-gpt2,ORIG | ADP_BN_LN_r16,1.0,0.99998391,0.99999017,0.99998504,0.99997699,0.99996787,0.99994826,0.99993718,0.99985993,0.99974489,0.9995389,0.99906409,0.54909492
german-gpt2,ORIG | ADP_BN_LN_r32,1.0,0.99996608,0.99998879,0.99998528,0.99997902,0.99996656,0.99995136,0.99994212,0.99987203,0.99976438,0.99958628,0.99916786,0.5521816
