Model Name,Source | Target,Embedding Layer,Attention Layer 1,Attention Layer 2,Attention Layer 3,Attention Layer 4,Attention Layer 5,Attention Layer 6,Attention Layer 7,Attention Layer 8,Attention Layer 9,Attention Layer 10,Attention Layer 11,Attention Layer 12
german-gpt2,ORIG | FT,0.99998802,0.99994326,0.99997115,0.99996167,0.9999575,0.99994183,0.99991727,0.99992776,0.9998858,0.99981427,0.9995712,0.99873126,0.83186698
german-gpt2,ORIG | ADP_PFX_b96_p30,1.0,0.99986315,0.99996734,0.99996442,0.99995929,0.99993843,0.99990529,0.99987465,0.99980235,0.99956065,0.99935311,0.99895704,0.59325862
german-gpt2,ORIG | ADP_PFX_b192_p30,1.0,0.9998678,0.99996847,0.9999631,0.99995273,0.99993432,0.99989194,0.99987775,0.99979627,0.99950683,0.99929535,0.99892503,0.57994419
german-gpt2,ORIG | ADP_PFX_b192_p60,1.0,0.99986762,0.99996805,0.99996406,0.99995303,0.99993521,0.99989718,0.99986213,0.99978346,0.99944049,0.99914777,0.99879307,0.57625306
